{
    "accuracy": [
        0.9474499821662903,
        0.9794333577156067,
        0.9836333394050598,
        0.9861000180244446,
        0.9889166951179504,
        0.9894499778747559,
        0.9908999800682068,
        0.9921666383743286,
        0.9927666783332825,
        0.9932000041007996,
        0.9933500289916992,
        0.9935333132743835,
        0.9940666556358337,
        0.9942499995231628,
        0.9946500062942505,
        0.9946833252906799,
        0.9954166412353516,
        0.9956166744232178,
        0.9955333471298218,
        0.9956166744232178
    ],
    "loss": [
        0.16778965294361115,
        0.06641985476016998,
        0.05167745053768158,
        0.04182073846459389,
        0.03466302528977394,
        0.03201008960604668,
        0.02784283272922039,
        0.02394806779921055,
        0.022431880235671997,
        0.021058063954114914,
        0.01996373012661934,
        0.01941024512052536,
        0.01844801753759384,
        0.017214465886354446,
        0.01536526158452034,
        0.015112311579287052,
        0.014142991043627262,
        0.012770982459187508,
        0.013880643993616104,
        0.01444510743021965
    ],
    "val_accuracy": [
        0.9825000166893005,
        0.9894000291824341,
        0.9914000034332275,
        0.9908000230789185,
        0.9911999702453613,
        0.9915000200271606,
        0.9933000206947327,
        0.9923999905586243,
        0.9933000206947327,
        0.9939000010490417,
        0.9926000237464905,
        0.9934999942779541,
        0.9929999709129333,
        0.9932000041007996,
        0.9933000206947327,
        0.9936000108718872,
        0.9919000267982483,
        0.9922000169754028,
        0.9919999837875366,
        0.993399977684021
    ],
    "val_loss": [
        0.051021963357925415,
        0.030527248978614807,
        0.026629645377397537,
        0.028105920180678368,
        0.02610057033598423,
        0.02441534772515297,
        0.024334944784641266,
        0.025869546458125114,
        0.022718902677297592,
        0.01960824429988861,
        0.027012811973690987,
        0.020859073847532272,
        0.021816210821270943,
        0.02245725505053997,
        0.022439109161496162,
        0.024404369294643402,
        0.02624722570180893,
        0.029653098434209824,
        0.024910252541303635,
        0.02322731539607048
    ]
}